1,2,3
จักรยานเสือภูเขา,ที่ยกน้ำหนัก (Dumbell),ไฟอัจฉริยะ
คอลลาเจน,โรตี,ครีมกันแดด
Brownie อวกาศ,กระเป๋า chanel,กัญชา
แม่โขง,แสงโสม,กรรไกรตัดขนจมูก
Botox,คอร์สโบท็อกกราม,คอลลาเจน
กัญชา,Brownie อวกาศ,เกมส์ FIFA Online
กัญชง,แผ่นเสียง,Brownie อวกาศ
เครื่องวัดความดัน,เครื่องตรวจน้ำตาลในเลือด,โรตี
หลอดไฟเปลี่ยนสีได้,ไฟอัจฉริยะ,Software ถูกลิขสิทธิ์
คอร์ส bikini wax,เสื้อซีทรู,หมอนสุขภาพสำหรับคนนอนไม่หลับ
เก้าอี้นวดไฟฟ้า,กัญชา,แม่โขง
ต้นไม้ประดับห้อง,เม็ดมะม่วงหิมพานต์,โรตี
หมอนข้าง,ครีมกันแดด,กระเป๋า
ตาชั่ง ,ครีมกันแดด,กระเป๋า
คอร์สโบท็อกกราม,Botox,เสื้อซีทรู
แสงโสม,แม่โขง,เม็ดมะม่วงหิมพานต์
กะหรี่(ปั๊บ),ครีมกันแดด,กระเป๋า
Lego,ต้นไม้ประดับห้อง,โรตี
แฟน ที่แปลว่าพัดลม,ครีมกันแดด,กระเป๋า
ยาดอง,Lego,หมูแดดเดียว
ชุดนอนไม่ได้นอน,เสื้อซีทรู,หมอนสุขภาพสำหรับคนนอนไม่หลับ
ที่ยกน้ำหนัก (Dumbell),หมอนข้าง,โรตี
เครื่องดูดฝุ่นอัตโนมัติ (robot),หมอนข้าง,โรตี
เนื้อวากิล,เนื้อย่าง,เม็ดมะม่วงหิมพานต์
หมูแดดเดียว,โรตี,ครีมกันแดด
drone,Surfskate,แผ่นเสียง
เครื่องย่อยเศษอาหาร,อาหารแมวคลีนเพื่อสุขภาพลดหุ่น,เครื่องทำลายเอกสาร
เสื้อซีทรู,ชุดนอนไม่ได้นอน,คอร์สโบท็อกกราม
ไพ่ยิปซี,เนื้อวากิล,เนื้อย่าง
เนื้อย่าง,เนื้อวากิล,เม็ดมะม่วงหิมพานต์
เครื่องทำลายเอกสาร,ไดร์เป่าผม Dyson,เครื่องย่อยเศษอาหาร
ครีมกันแดด,กระเป๋า,ชาบู
ครีมกันแดด,กระเป๋า,ชาบู
Surfskate,drone,ไฟอัจฉริยะ
Board game,ครีมกันแดด,กระเป๋า
ชุดน้องหมา,น้องหมา,หมอนข้าง
Omakase,กรรไกรตัดขนจมูก,Lego
เม็ดมะม่วงหิมพานต์,ครีมกันแดด,กระเป๋า
ไฟอัจฉริยะ,หลอดไฟเปลี่ยนสีได้,จักรยานเสือภูเขา
บัตตาเลี่ยนที่ตัดผม,เก้าอี้นวดไฟฟ้า,กัญชา
ไดร์เป่าผม Dyson,เครื่องทำลายเอกสาร,ไฟอัจฉริยะ
แผ่นเสียง,กัญชง,Brownie อวกาศ
กรรไกรตัดขนจมูก,เนื้อย่าง,โรตี
PS5,เครื่องย่อยเศษอาหาร,Omakase
เครื่องตรวจน้ำตาลในเลือด,ไฟอัจฉริยะ,เครื่องวัดความดัน
โรตี,ครีมกันแดด,กระเป๋า
กะปิดอง,ที่ยกน้ำหนัก (Dumbell),คอลลาเจน
น้องหมา,ชุดน้องหมา,เครื่องทำลายเอกสาร
แพ็คเกจไทยเที่ยวไทย,ครีมกันแดด,กระเป๋า
เกมส์ FIFA Online,กัญชา,กระเป๋า chanel
มะม่วงเบา,เม็ดมะม่วงหิมพานต์,หมูแดดเดียว
ห้องน้ำแมวอัตโนมัติ,อาหารแมวคลีนเพื่อสุขภาพลดหุ่น,กระเป๋า chanel
กระเป๋า chanel,Brownie อวกาศ,อาหารแมวคลีนเพื่อสุขภาพลดหุ่น
ข้าวขาหมูคากิคาจักออนไลน์,กระเป๋า chanel,Brownie อวกาศ
ถั่งเช่า,แพ็คเกจไทยเที่ยวไทย,เครื่องดูดฝุ่นอัตโนมัติ (robot)
หมอนสุขภาพสำหรับคนนอนไม่หลับ,เม็ดมะม่วงหิมพานต์,แฟน ที่แปลว่าพัดลม
อาหารแมวคลีนเพื่อสุขภาพลดหุ่น,เครื่องย่อยเศษอาหาร,กระเป๋า chanel
น้ำส้มดีโด้,กะหรี่(ปั๊บ),ครีมกันแดด
Software ถูกลิขสิทธิ์,โรตี,ครีมกันแดด
ครีมกันแดด,กระเป๋า,ชาบู
